{"C1": {"Ga": 10, "Gb": 8.8126, "k": 2.92444, "f(k)": -0.0}, "C2": {"Ga": 1, "Gb": 3.9167, "k": 1.62747, "f(k)": 2e-05}, "C5": {"Ga": 8.8126, "Gb": 10, "k": 2.92444, "f(k)": -0.0}, "C6": {"Ga": 3.9167, "Gb": 4.3937, "k": 2.06582, "f(k)": 0.0}, "C9": {"Ga": 10, "Gb": 10, "k": 3.01039, "f(k)": 0.0}, "C10": {"Ga": 4.3937, "Gb": 10, "k": 2.48174, "f(k)": -0.0}}